{"trainer/global_step":699,"_step":44,"train_acc":0,"valid_loss":1.626767873764038,"valid_acc":0,"epoch":19,"_wandb":{"runtime":23},"_runtime":23.149811615,"train_loss":1.4169243574142456,"_timestamp":1.7424541979428115e+09}